"BroadGloss","NarrowGloss","Domain"
"FEMALE PERSON OR MOTHER","MOTHER","Kinship"
"SPOUSE","HUSBAND","Kinship"
"SPOUSE","WIFE","Kinship"
"HUSBAND OR MALE PERSON","HUSBAND","Kinship"
"NEPHEW OR NIECE","NEPHEW","Kinship"
"NEPHEW OR NIECE","NIECE","Kinship"
"BROTHER-IN-LAW","BROTHER-IN-LAW (HUSBAND'S YOUNGER BROTHER)","Kinship"
"BROTHER-IN-LAW","BROTHER-IN-LAW (HUSBAND'S OLDER BROTHER)","Kinship"
"BROTHER-IN-LAW","BROTHER-IN-LAW (YOUNGER SISTER'S HUSBAND)","Kinship"
"BROTHER-IN-LAW","BROTHER-IN-LAW (OLDER SISTER'S HUSBAND)","Kinship"
"BROTHER-IN-LAW","BROTHER-IN-LAW (OF MAN)","Kinship"
"GRANDSON","GRANDSON (SON'S SON)","Kinship"
"GRANDSON","OTHER GRANDSON","Kinship"
"GRANDCHILD","GRANDCHILD (DAUGHTER'S OFFSPRING)","Kinship"
"GRANDCHILD","OTHER GRANDCHILD","Kinship"
"CHILD","SON","Kinship"
"CHILD","DAUGHTER","Kinship"
"CHILD (DESCENDANT)","SON","Kinship"
"CHILD (DESCENDANT)","DAUGHTER","Kinship"
"BOY OR SON","SON","Kinship"
"DAUGHTER OR GIRL","DAUGHTER","Kinship"
"MATERNAL UNCLE","MATERNAL UNCLE (MOTHER'S OLDER BROTHER)","Kinship"
"MATERNAL UNCLE","MATERNAL UNCLE (MOTHER'S YOUNGER BROTHER)","Kinship"
"MATERNAL UNCLE","MATERNAL UNCLE (HUSBAND OF ONE'S MATERNAL AUNT)","Kinship"
"MATERNAL UNCLE (MOTHER'S BROTHER)","MATERNAL UNCLE (MOTHER'S OLDER BROTHER)","Kinship"
"MATERNAL UNCLE (MOTHER'S BROTHER)","MATERNAL UNCLE (MOTHER'S YOUNGER BROTHER)","Kinship"
"COUSIN OR SISTER-IN-LAW","MALE COUSIN","Kinship"
"COUSIN OR SISTER-IN-LAW","FEMALE COUSIN","Kinship"
"COUSIN OR SISTER-IN-LAW","CROSS-COUSIN","Kinship"
"COUSIN OR SISTER-IN-LAW","SISTER-IN-LAW (HUSBAND'S YOUNGER SISTER)","Kinship"
"COUSIN OR SISTER-IN-LAW","SISTER-IN-LAW (HUSBAND'S OLDER SISTER)","Kinship"
"COUSIN OR SISTER-IN-LAW","SISTER-IN-LAW (OLDER BROTHER'S WIFE)","Kinship"
"COUSIN OR SISTER-IN-LAW","OTHER SISTER-IN-LAW","Kinship"
"COUSIN","MALE COUSIN","Kinship"
"COUSIN","FEMALE COUSIN","Kinship"
"COUSIN","CROSS-COUSIN","Kinship"
"SISTER-IN-LAW","SISTER-IN-LAW (HUSBAND'S YOUNGER SISTER)","Kinship"
"SISTER-IN-LAW","SISTER-IN-LAW (HUSBAND'S OLDER SISTER)","Kinship"
"SISTER-IN-LAW","SISTER-IN-LAW (OLDER BROTHER'S WIFE)","Kinship"
"SISTER-IN-LAW","OTHER SISTER-IN-LAW","Kinship"
"SIBLING","OLDER SISTER (OF WOMAN)","Kinship"
"SIBLING","OLDER SISTER (OF MAN)","Kinship"
"SIBLING","OLDER BROTHER (OF WOMAN)","Kinship"
"SIBLING","OLDER BROTHER (OF MAN)","Kinship"
"SIBLING","YOUNGER SISTER (OF WOMAN)","Kinship"
"SIBLING","YOUNGER SISTER (OF MAN)","Kinship"
"SIBLING","YOUNGER BROTHER (OF WOMAN)","Kinship"
"SIBLING","YOUNGER BROTHER (OF MAN)","Kinship"
"OLDER SIBLING","OLDER SISTER (OF WOMAN)","Kinship"
"OLDER SIBLING","OLDER SISTER (OF MAN)","Kinship"
"OLDER SIBLING","OLDER BROTHER (OF WOMAN)","Kinship"
"OLDER SIBLING","OLDER BROTHER (OF MAN)","Kinship"
"YOUNGER SIBLING","YOUNGER SISTER (OF WOMAN)","Kinship"
"YOUNGER SIBLING","YOUNGER SISTER (OF MAN)","Kinship"
"YOUNGER SIBLING","YOUNGER BROTHER (OF WOMAN)","Kinship"
"YOUNGER SIBLING","YOUNGER BROTHER (OF MAN)","Kinship"
"SISTER","OLDER SISTER (OF WOMAN)","Kinship"
"SISTER","OLDER SISTER (OF MAN)","Kinship"
"SISTER","YOUNGER SISTER (OF WOMAN)","Kinship"
"SISTER","YOUNGER SISTER (OF MAN)","Kinship"
"BROTHER","OLDER BROTHER (OF WOMAN)","Kinship"
"BROTHER","OLDER BROTHER (OF MAN)","Kinship"
"BROTHER","YOUNGER BROTHER (OF WOMAN)","Kinship"
"BROTHER","YOUNGER BROTHER (OF MAN)","Kinship"
"OLDER SISTER","OLDER SISTER (OF WOMAN)","Kinship"
"OLDER SISTER","OLDER SISTER (OF MAN)","Kinship"
"YOUNGER SISTER","YOUNGER SISTER (OF WOMAN)","Kinship"
"YOUNGER SISTER","YOUNGER SISTER (OF MAN)","Kinship"
"OLDER BROTHER","OLDER BROTHER (OF WOMAN)","Kinship"
"OLDER BROTHER","OLDER BROTHER (OF MAN)","Kinship"
"YOUNGER BROTHER","YOUNGER BROTHER (OF WOMAN)","Kinship"
"YOUNGER BROTHER","YOUNGER BROTHER (OF MAN)","Kinship"
"SISTER (OF MAN)","OLDER SISTER (OF MAN)","Kinship"
"SISTER (OF MAN)","YOUNGER SISTER (OF MAN)","Kinship"
"SISTER (OF WOMAN)","OLDER SISTER (OF WOMAN)","Kinship"
"SISTER (OF WOMAN)","YOUNGER SISTER (OF WOMAN)","Kinship"
"BROTHER (OF MAN)","OLDER BROTHER (OF MAN)","Kinship"
"BROTHER (OF MAN)","YOUNGER BROTHER (OF MAN)","Kinship"
"BROTHER (OF WOMAN)","OLDER BROTHER (OF WOMAN)","Kinship"
"BROTHER (OF WOMAN)","YOUNGER BROTHER (OF WOMAN)","Kinship"
"GRANDFATHER OR OLDER BROTHER","PATERNAL GRANDFATHER","Kinship"
"GRANDFATHER OR OLDER BROTHER","MATERNAL GRANDFATHER","Kinship"
"GRANDFATHER OR OLDER BROTHER","OLDER BROTHER (OF WOMAN)","Kinship"
"GRANDFATHER OR OLDER BROTHER","OLDER BROTHER (OF MAN)","Kinship"
"GRANDPARENT","PATERNAL GRANDFATHER","Kinship"
"GRANDPARENT","MATERNAL GRANDFATHER","Kinship"
"GRANDPARENT","MATERNAL GRANDMOTHER","Kinship"
"GRANDPARENT","OTHER GRANDMOTHER","Kinship"
"GRANDFATHER","PATERNAL GRANDFATHER","Kinship"
"GRANDFATHER","MATERNAL GRANDFATHER","Kinship"
"GRANDMOTHER","MATERNAL GRANDMOTHER","Kinship"
"GRANDMOTHER","OTHER GRANDMOTHER","Kinship"
"UNCLE OR FATHER-IN-LAW","PATERNAL UNCLE (FATHER'S OLDER BROTHER)","Kinship"
"UNCLE OR FATHER-IN-LAW","PATERNAL UNCLE (FATHER'S YOUNGER BROTHER)","Kinship"
"UNCLE OR FATHER-IN-LAW","OTHER UNCLE","Kinship"
"UNCLE OR FATHER-IN-LAW","FATHER-IN-LAW (OF MAN)","Kinship"
"UNCLE OR FATHER-IN-LAW","FATHER-IN-LAW (OF WOMAN)","Kinship"
"FATHER-IN-LAW","FATHER-IN-LAW (OF MAN)","Kinship"
"FATHER-IN-LAW","FATHER-IN-LAW (OF WOMAN)","Kinship"
"AUNT OR MOTHER-IN-LAW","PATERNAL AUNT (FATHER'S OLDER SISTER)","Kinship"
"AUNT OR MOTHER-IN-LAW","OTHER PATERNAL AUNT (FATHER'S SISTER)","Kinship"
"AUNT OR MOTHER-IN-LAW","PATERNAL AUNT (WIFE OF FATHER'S OLDER BROTHER)","Kinship"
"AUNT OR MOTHER-IN-LAW","PATERNAL AUNT (WIFE OF FATHER'S YOUNGER BROTHER)","Kinship"
"AUNT OR MOTHER-IN-LAW","MATERNAL AUNT (WIFE OF MOTHER'S BROTHER)","Kinship"
"AUNT OR MOTHER-IN-LAW","OTHER MATERNAL AUNT","Kinship"
"AUNT OR MOTHER-IN-LAW","MOTHER-IN-LAW (OF WOMAN)","Kinship"
"AUNT OR MOTHER-IN-LAW","OTHER AUNT OR MOTHER-IN-LAW","Kinship"
"MOTHER-IN-LAW","MOTHER-IN-LAW (OF MAN)","Kinship"
"MOTHER-IN-LAW","MOTHER-IN-LAW (OF WOMAN)","Kinship"
"AUNT OR UNCLE","PATERNAL AUNT (FATHER'S OLDER SISTER)","Kinship"
"AUNT OR UNCLE","OTHER PATERNAL AUNT (FATHER'S SISTER)","Kinship"
"AUNT OR UNCLE","PATERNAL AUNT (WIFE OF FATHER'S OLDER BROTHER)","Kinship"
"AUNT OR UNCLE","PATERNAL AUNT (WIFE OF FATHER'S YOUNGER BROTHER)","Kinship"
"AUNT OR UNCLE","MATERNAL AUNT (WIFE OF MOTHER'S BROTHER)","Kinship"
"AUNT OR UNCLE","OTHER MATERNAL AUNT","Kinship"
"AUNT OR UNCLE","PATERNAL UNCLE (FATHER'S OLDER BROTHER)","Kinship"
"AUNT OR UNCLE","PATERNAL UNCLE (FATHER'S YOUNGER BROTHER)","Kinship"
"AUNT OR UNCLE","OTHER UNCLE","Kinship"
"AUNT","PATERNAL AUNT (FATHER'S OLDER SISTER)","Kinship"
"AUNT","OTHER PATERNAL AUNT (FATHER'S SISTER)","Kinship"
"AUNT","PATERNAL AUNT (WIFE OF FATHER'S OLDER BROTHER)","Kinship"
"AUNT","PATERNAL AUNT (WIFE OF FATHER'S YOUNGER BROTHER)","Kinship"
"AUNT","MATERNAL AUNT (WIFE OF MOTHER'S BROTHER)","Kinship"
"AUNT","OTHER MATERNAL AUNT","Kinship"
"MATERNAL AUNT","MATERNAL AUNT (WIFE OF MOTHER'S BROTHER)","Kinship"
"MATERNAL AUNT","OTHER MATERNAL AUNT","Kinship"
"PATERNAL AUNT","PATERNAL AUNT (FATHER'S OLDER SISTER)","Kinship"
"PATERNAL AUNT","OTHER PATERNAL AUNT (FATHER'S SISTER)","Kinship"
"PATERNAL AUNT","PATERNAL AUNT (WIFE OF FATHER'S OLDER BROTHER)","Kinship"
"PATERNAL AUNT","PATERNAL AUNT (WIFE OF FATHER'S YOUNGER BROTHER)","Kinship"
"PATERNAL AUNT (FATHER'S SISTER)","PATERNAL AUNT (FATHER'S OLDER SISTER)","Kinship"
"PATERNAL AUNT (FATHER'S SISTER)","OTHER PATERNAL AUNT (FATHER'S SISTER)","Kinship"
"UNCLE","PATERNAL UNCLE (FATHER'S OLDER BROTHER)","Kinship"
"UNCLE","PATERNAL UNCLE (FATHER'S YOUNGER BROTHER)","Kinship"
"UNCLE","OTHER UNCLE","Kinship"
"PATERNAL UNCLE (FATHER'S BROTHER)","PATERNAL UNCLE (FATHER'S OLDER BROTHER)","Kinship"
"PATERNAL UNCLE (FATHER'S BROTHER)","PATERNAL UNCLE (FATHER'S YOUNGER BROTHER)","Kinship"
"PATERNAL UNCLE","PATERNAL UNCLE (FATHER'S OLDER BROTHER)","Kinship"
"PATERNAL UNCLE","PATERNAL UNCLE (FATHER'S YOUNGER BROTHER)","Kinship"
"PATERNAL UNCLE","OTHER PATERNAL UNCLE","Kinship"
"OTHER PATERNAL UNCLE","OTHER PATERNAL UNCLE","Kinship"
"OTHER UNCLE","OTHER UNCLE","Kinship"
"OTHER PATERNAL AUNT (FATHER'S SISTER)","OTHER PATERNAL AUNT (FATHER'S SISTER)","Kinship"
"OTHER MATERNAL AUNT","OTHER MATERNAL AUNT","Kinship"
"OTHER AUNT OR MOTHER-IN-LAW","OTHER AUNT OR MOTHER-IN-LAW","Kinship"
"OTHER GRANDMOTHER","OTHER GRANDMOTHER","Kinship"
"OTHER SISTER-IN-LAW","OTHER SISTER-IN-LAW","Kinship"
"OTHER GRANDCHILD","OTHER GRANDCHILD","Kinship"
"OTHER GRANDSON","OTHER GRANDSON","Kinship"
"FATHER'S SISTER","FATHER'S SISTER","Kinship"
"MOTHER'S SISTER","MOTHER'S SISTER","Kinship"
"SIBLING'S CHILD","SIBLING'S CHILD","Kinship"
"GRANDPARENTS","GRANDPARENTS","Kinship"
"PARENTS-IN-LAW","PARENTS-IN-LAW","Kinship"
"PARENTS","PARENTS","Kinship"
"TWINS","TWINS","Kinship"
"NEPHEW","NEPHEW","Kinship"
"WIFE","WIFE","Kinship"
"HUSBAND","HUSBAND","Kinship"
"MOTHER","MOTHER","Kinship"
"FATHER","FATHER","Kinship"
"DAUGHTER","DAUGHTER","Kinship"
"GRANDDAUGHTER","GRANDDAUGHTER","Kinship"
"SON","SON","Kinship"
"NIECE","NIECE","Kinship"
"RELATIVES","RELATIVES","Kinship"
"SIBLING-IN-LAW","SIBLING-IN-LAW","Kinship"
"MOTHER'S BROTHER","MOTHER'S BROTHER","Kinship"
"PATERNAL AUNT (WIFE OF FATHER'S OLDER BROTHER)","PATERNAL AUNT (WIFE OF FATHER'S OLDER BROTHER)","Kinship"
"PATERNAL AUNT (WIFE OF FATHER'S YOUNGER BROTHER)","PATERNAL AUNT (WIFE OF FATHER'S YOUNGER BROTHER)","Kinship"
"MATERNAL AUNT (WIFE OF MOTHER'S BROTHER)","MATERNAL AUNT (WIFE OF MOTHER'S BROTHER)","Kinship"
"PATERNAL UNCLE (FATHER'S OLDER BROTHER)","PATERNAL UNCLE (FATHER'S OLDER BROTHER)","Kinship"
"PATERNAL UNCLE (FATHER'S YOUNGER BROTHER)","PATERNAL UNCLE (FATHER'S YOUNGER BROTHER)","Kinship"
"MATERNAL GRANDMOTHER","MATERNAL GRANDMOTHER","Kinship"
"MATERNAL GRANDFATHER","MATERNAL GRANDFATHER","Kinship"
"FATHER-IN-LAW (OF WOMAN)","FATHER-IN-LAW (OF WOMAN)","Kinship"
"FATHER-IN-LAW (OF MAN)","FATHER-IN-LAW (OF MAN)","Kinship"
"MOTHER-IN-LAW (OF WOMAN)","MOTHER-IN-LAW (OF WOMAN)","Kinship"
"MOTHER-IN-LAW (OF MAN)","MOTHER-IN-LAW (OF MAN)","Kinship"
"BROTHER-IN-LAW (OF MAN)","BROTHER-IN-LAW (OF MAN)","Kinship"
"OLDER BROTHER (OF MAN)","OLDER BROTHER (OF MAN)","Kinship"
"OLDER BROTHER (OF WOMAN)","OLDER BROTHER (OF WOMAN)","Kinship"
"YOUNGER BROTHER (OF MAN)","YOUNGER BROTHER (OF MAN)","Kinship"
"YOUNGER BROTHER (OF WOMAN)","YOUNGER BROTHER (OF WOMAN)","Kinship"
"OLDER SISTER (OF MAN)","OLDER SISTER (OF MAN)","Kinship"
"OLDER SISTER (OF WOMAN)","OLDER SISTER (OF WOMAN)","Kinship"
"YOUNGER SISTER (OF MAN)","YOUNGER SISTER (OF MAN)","Kinship"
"YOUNGER SISTER (OF WOMAN)","YOUNGER SISTER (OF WOMAN)","Kinship"
"PATERNAL GRANDFATHER","PATERNAL GRANDFATHER","Kinship"
"UNCLE (HUSBAND OF FATHER'S SISTER)","UNCLE (HUSBAND OF FATHER'S SISTER)","Kinship"
"MATERNAL AUNT (MOTHER'S SISTER)","MATERNAL AUNT (MOTHER'S SISTER)","Kinship"
"MATERNAL UNCLE (HUSBAND OF ONE'S MATERNAL AUNT)","MATERNAL UNCLE (HUSBAND OF ONE'S MATERNAL AUNT)","Kinship"
"SISTER-IN-LAW (OLDER BROTHER'S WIFE)","SISTER-IN-LAW (OLDER BROTHER'S WIFE)","Kinship"
"BROTHER-IN-LAW (OLDER SISTER'S HUSBAND)","BROTHER-IN-LAW (OLDER SISTER'S HUSBAND)","Kinship"
"BROTHER-IN-LAW (YOUNGER SISTER'S HUSBAND)","BROTHER-IN-LAW (YOUNGER SISTER'S HUSBAND)","Kinship"
"BROTHER-IN-LAW (HUSBAND'S OLDER BROTHER)","BROTHER-IN-LAW (HUSBAND'S OLDER BROTHER)","Kinship"
"BROTHER-IN-LAW (HUSBAND'S YOUNGER BROTHER)","BROTHER-IN-LAW (HUSBAND'S YOUNGER BROTHER)","Kinship"
"SISTER-IN-LAW (HUSBAND'S OLDER SISTER)","SISTER-IN-LAW (HUSBAND'S OLDER SISTER)","Kinship"
"SISTER-IN-LAW (HUSBAND'S YOUNGER SISTER)","SISTER-IN-LAW (HUSBAND'S YOUNGER SISTER)","Kinship"
"GRANDSON (SON'S SON)","GRANDSON (SON'S SON)","Kinship"
"GRANDCHILD (DAUGHTER'S OFFSPRING)","GRANDCHILD (DAUGHTER'S OFFSPRING)","Kinship"
"PATERNAL GRANDMOTHER","PATERNAL GRANDMOTHER","Kinship"
"SAME-SEX OLDER SIBLING","SAME-SEX OLDER SIBLING","Kinship"
"SAME-SEX YOUNGER SIBLING","SAME-SEX YOUNGER SIBLING","Kinship"
"DIFFERENT-SEX OLDER SIBLING","DIFFERENT-SEX OLDER SIBLING","Kinship"
"DIFFERENT-SEX YOUNGER SIBLING","DIFFERENT-SEX YOUNGER SIBLING","Kinship"
"PATERNAL AUNT (FATHER'S OLDER SISTER)","PATERNAL AUNT (FATHER'S OLDER SISTER)","Kinship"
"MATERNAL AUNT (MOTHER'S OLDER SISTER)","MATERNAL AUNT (MOTHER'S OLDER SISTER)","Kinship"
"MATERNAL AUNT (MOTHER'S YOUNGER SISTER)","MATERNAL AUNT (MOTHER'S YOUNGER SISTER)","Kinship"
"CROSS-COUSIN","CROSS-COUSIN","Kinship"
"MATERNAL UNCLE (MOTHER'S OLDER BROTHER)","MATERNAL UNCLE (MOTHER'S OLDER BROTHER)","Kinship"
"MATERNAL UNCLE (MOTHER'S YOUNGER BROTHER)","MATERNAL UNCLE (MOTHER'S YOUNGER BROTHER)","Kinship"
"MALE COUSIN","MALE COUSIN","Kinship"
"FEMALE COUSIN","FEMALE COUSIN","Kinship"
"FATHER (OF A WOMAN)","FATHER (OF A WOMAN)","Kinship"
"FATHER (OF A MAN)","FATHER (OF A MAN)","Kinship"
"MOTHER (OF A WOMAN)","MOTHER (OF A WOMAN)","Kinship"
"MOTHER (OF A MAN)","MOTHER (OF A MAN)","Kinship"
"GRANDCHILD (SON'S OFFSPRING)","GRANDCHILD (SON'S OFFSPRING)","Kinship"
"DAY OR SUN","DAY (NOT NIGHT)","Time"
"MOON OR MONTH","MONTH","Time"
"MIDDAY","MIDDAY","Time"
"PERIOD","PERIOD","Time"
"SEASON","SEASON","Time"
"WHILE","WHILE","Time"
"DAWN","DAWN","Time"
"END (OF TIME)","END (OF TIME)","Time"
"MENSTRUATION","MENSTRUATION","Time"
"TIME","TIME","Time"
"LOW TIDE","LOW TIDE","Time"
"DAY (NOT NIGHT)","DAY (NOT NIGHT)","Time"
"YEAR","YEAR","Time"
"DAY (24 HOURS)","DAY (24 HOURS)","Time"
"AUTUMN","AUTUMN","Time"
"MORNING","MORNING","Time"
"SUMMER","SUMMER","Time"
"HOUR","HOUR","Time"
"MONTH","MONTH","Time"
"WEEK","WEEK","Time"
"WINTER","WINTER","Time"
"SPRINGTIME","SPRINGTIME","Time"
"EVENING","EVENING","Time"
"FRIDAY","FRIDAY","Time"
"THURSDAY","THURSDAY","Time"
"WEDNESDAY","WEDNESDAY","Time"
"TUESDAY","TUESDAY","Time"
"MONDAY","MONDAY","Time"
"SUNDAY","SUNDAY","Time"
"SATURDAY","SATURDAY","Time"
"AFTERNOON","AFTERNOON","Time"
"JANUARY","JANUARY","Time"
"FEBRUARY","FEBRUARY","Time"
"DRAGON BOAT FESTIVAL","DRAGON BOAT FESTIVAL","Time"
"MID-AUTUMN FESTIVAL","MID-AUTUMN FESTIVAL","Time"
"NEW YEAR'S EVE","NEW YEAR'S EVE","Time"
"SUNSET","SUNSET","Time"
"SUNRISE","SUNRISE","Time"
"DUSK","DUSK","Time"
"FUTURE","FUTURE","Time"
"NOON","NOON","Time"
"MIDNIGHT","MIDNIGHT","Time"
"FORENOON","FORENOON","Time"
"THIS MONTH","THIS MONTH","Time"
"LAST MONTH","LAST MONTH","Time"
"NEXT MONTH","NEXT MONTH","Time"
"MARCH","MARCH","Time"
"APRIL","APRIL","Time"
"MAY (MONTH)","MAY (MONTH)","Time"
"JUNE","JUNE","Time"
"JULY","JULY","Time"
"AUGUST","AUGUST","Time"
"SEPTEMBER","SEPTEMBER","Time"
"OCTOBER","OCTOBER","Time"
"NOVEMBER","NOVEMBER","Time"
"DECEMBER","DECEMBER","Time"
"HOT SEASON","HOT SEASON","Time"
"MONSOON SEASON","MONSOON SEASON","Time"
"THIRD DAY OF THE MONTH","THIRD DAY OF THE MONTH","Time"
"FIRST DAY OF THE MONTH","FIRST DAY OF THE MONTH","Time"
"SECOND DAY OF THE MONTH","SECOND DAY OF THE MONTH","Time"
"HARVEST OR HARVEST SEASON","HARVEST OR HARVEST SEASON","Time"
"FULL MOON","FULL MOON","Time"
"NEW MOON","NEW MOON","Time"
"WAXING MOON","WAXING MOON","Time"
"WANING MOON","WANING MOON","Time"
"SHOE","MOCCASIN","Clothing"
"SHOE","OTHER SHOE","Clothing"
"STOCKING","SOCK","Clothing"
"STOCKING","OTHER STOCKING","Clothing"
"HEADGEAR","HAT","Clothing"
"HEADGEAR","HEADBAND","Clothing"
"HEADGEAR","HEADDRESS","Clothing"
"HEADGEAR","OTHER HEADGEAR","Clothing"
"HEADBAND OR HEADDRESS","HEADBAND","Clothing"
"HEADBAND OR HEADDRESS","HEADDRESS","Clothing"
"SNOWSHOE","SNOWSHOE","Clothing"
"CLOAK","CLOAK","Clothing"
"PONCHO","PONCHO","Clothing"
"GRASS-SKIRT","GRASS-SKIRT","Clothing"
"OTHER STOCKING","OTHER STOCKING","Clothing"
"HEADBAND","HEADBAND","Clothing"
"HEADDRESS","HEADDRESS","Clothing"
"CUSHMA","CUSHMA","Clothing"
"BOUBOU","BOUBOU","Clothing"
"WRAPPER","WRAPPER","Clothing"
"G-STRING","G-STRING","Clothing"
"DRESS","DRESS","Clothing"
"FUR","FUR","Clothing"
"BOOT","BOOT","Clothing"
"COAT","COAT","Clothing"
"HAT","HAT","Clothing"
"TROUSERS","TROUSERS","Clothing"
"GLOVE","GLOVE","Clothing"
"VEIL","VEIL","Clothing"
"OTHER SHOE","OTHER SHOE","Clothing"
"SOCK","SOCK","Clothing"
"SKIRT","SKIRT","Clothing"
"SHIRT","SHIRT","Clothing"
"HELMET","HELMET","Clothing"
"CLOTHES","CLOTHES","Clothing"
"LOINCLOTH","LOINCLOTH","Clothing"
"MASK","MASK","Clothing"
"COLLAR","COLLAR","Clothing"
"APRON","APRON","Clothing"
"STRAW SANDAL","STRAW SANDAL","Clothing"
"OTHER HEADGEAR","OTHER HEADGEAR","Clothing"
"BAMBOO HAT","BAMBOO HAT","Clothing"
"SARONG","SARONG","Clothing"
"PENIS SHEATH","PENIS SHEATH","Clothing"
"JACKET","JACKET","Clothing"
"SHAWL","SHAWL","Clothing"
"SLEEVE","SLEEVE","Clothing"
"SCARF OR TURBAN","SCARF OR TURBAN","Clothing"
"VEST","VEST","Clothing"
"STRAW RAINCOAT","STRAW RAINCOAT","Clothing"
"MOCCASIN","MOCCASIN","Clothing"
"RAINCOAT","RAINCOAT","Clothing"
"RUMOUR","RUMOUR","Speech"
"BLAME","BLAME","Speech"
"UNTRUTH","UNTRUTH","Speech"
"SONG","SONG","Speech"
"SPEECH","SPEECH","Speech"
"PRAISE","PRAISE","Speech"
"OATH","OATH","Speech"
"QUARREL","QUARREL","Speech"
"FOLK SONG","FOLK SONG","Speech"
"STORY","STORY","Speech"
"SCREAM (NOISE)","SCREAM (NOISE)","Speech"
"HOWLING","HOWLING","Speech"
"LIE (FALSEHOOD)","LIE (FALSEHOOD)","Speech"
"CONVERSATION","CONVERSATION","Speech"
"CALL (APPEAL)","CALL (APPEAL)","Speech"
"LAUGHTER","LAUGHTER","Speech"
"SERMON","SERMON","Speech"
"QUESTION","QUESTION","Speech"
"JOKE","JOKE","Speech"
"PROVERB","PROVERB","Speech"
"BATTLE CRY (WAR WHOOP)","BATTLE CRY (WAR WHOOP)","Speech"
"GRASSLAND","PASTURE","physGeo"
"GRASSLAND","OTHER GRASSLAND","physGeo"
"POND OR LAKE","POND","physGeo"
"POND OR LAKE","LAKE","physGeo"
"SHORE","OTHER SHORE OF SEA","physGeo"
"SHORE","SHORE OF LAKE","physGeo"
"SHORE","RIVERBANK","physGeo"
"SHORE","OTHER SHORE","physGeo"
"SHORE OF SEA","OTHER SHORE OF SEA","physGeo"
"EARTH OR LAND","LAND","physGeo"
"SPRING OR WELL","SPRING (OF WATER)","physGeo"
"PRECIPICE OR SLOPE","CLIFF","physGeo"
"PRECIPICE OR SLOPE","OTHER PRECIPICE","physGeo"
"PRECIPICE","CLIFF","physGeo"
"PRECIPICE","OTHER PRECIPICE","physGeo"
"SEA OR OCEAN","SEA","physGeo"
"SEA OR OCEAN","OCEAN","physGeo"
"MOUNTAIN OR HILL","MOUNTAIN","physGeo"
"MOUNTAIN OR HILL","HILL","physGeo"
"FIELD","FIELD (UPLAND)","physGeo"
"FIELD","OTHER FIELD","physGeo"
"RIVER OR WATER","RIVER","physGeo"
"FLOWING BODY OF WATER","RIVER","physGeo"
"FLOWING BODY OF WATER","BROOK","physGeo"
"FLOWING BODY OF WATER","OTHER STREAM","physGeo"
"FLOWING BODY OF WATER","OTHER FLOWING BODY OF WATER","physGeo"
"STREAM","BROOK","physGeo"
"STREAM","OTHER STREAM","physGeo"
"OTHER SHORE","OTHER SHORE","physGeo"
"MAINLAND","MAINLAND","physGeo"
"OTHER FIELD","OTHER FIELD","physGeo"
"SAVANNA","SAVANNA","physGeo"
"GULF","GULF","physGeo"
"HILL","HILL","physGeo"
"OTHER PRECIPICE","OTHER PRECIPICE","physGeo"
"ISLAND","ISLAND","physGeo"
"LAGOON","LAGOON","physGeo"
"LAKE","LAKE","physGeo"
"LAND","LAND","physGeo"
"MOUNTAIN","MOUNTAIN","physGeo"
"OCEAN","OCEAN","physGeo"
"PASTURE","PASTURE","physGeo"
"PLAIN","PLAIN","physGeo"
"REEF","REEF","physGeo"
"BAY","BAY","physGeo"
"RIVER","RIVER","physGeo"
"SPRING (OF WATER)","SPRING (OF WATER)","physGeo"
"VALLEY","VALLEY","physGeo"
"WATERFALL","WATERFALL","physGeo"
"OTHER STREAM","OTHER STREAM","physGeo"
"WORLD","WORLD","physGeo"
"CREEK (TIDAL)","CREEK (TIDAL)","physGeo"
"CLIFF","CLIFF","physGeo"
"RIVER BED","RIVER BED","physGeo"
"SWAMP","SWAMP","physGeo"
"CAVE","CAVE","physGeo"
"SEA","SEA","physGeo"
"COAST","COAST","physGeo"
"SUMMIT","SUMMIT","physGeo"
"STRAIT","STRAIT","physGeo"
"CAPE","CAPE","physGeo"
"RAPIDS","RAPIDS","physGeo"
"RIVER MOUTH","RIVER MOUTH","physGeo"
"RIDGE","RIDGE","physGeo"
"RAVINE","RAVINE","physGeo"
"WHIRLPOOL","WHIRLPOOL","physGeo"
"POND","POND","physGeo"
"MOUNTAIN FOOT","MOUNTAIN FOOT","physGeo"
"MOUNTAIN RIDGE","MOUNTAIN RIDGE","physGeo"
"GROUND","GROUND","physGeo"
"CLEARING","CLEARING","physGeo"
"ESTUARY","ESTUARY","physGeo"
"PUDDLE","PUDDLE","physGeo"
"VOLCANO","VOLCANO","physGeo"
"WOODS","WOODS","physGeo"
"LANDSCAPE","LANDSCAPE","physGeo"
"WATERSIDE","WATERSIDE","physGeo"
"TRENCH (FOSSE)","TRENCH (FOSSE)","physGeo"
"PIT (POTHOLE)","PIT (POTHOLE)","physGeo"
"HEADWATERS","HEADWATERS","physGeo"
"FIELD (UPLAND)","FIELD (UPLAND)","physGeo"
"FORD (CROSSING)","FORD (CROSSING)","physGeo"
"OTHER GRASSLAND","OTHER GRASSLAND","physGeo"
"CURRENT (STREAM)","CURRENT (STREAM)","physGeo"
"ELEVATION","ELEVATION","physGeo"
"SAND HILL","SAND HILL","physGeo"
"SHORE OR BANK","SHORE OR BANK","physGeo"
"OTHER FLOWING BODY OF WATER","OTHER FLOWING BODY OF WATER","physGeo"
"SACRED GROVE","SACRED GROVE","physGeo"
"RIVERBANK","RIVERBANK","physGeo"
"SHORE OF LAKE","SHORE OF LAKE","physGeo"
"OTHER SHORE OF SEA","OTHER SHORE OF SEA","physGeo"
"DESERT","DESERT","physGeo"
"MARSH","MARSH","physGeo"
"JUNGLE","JUNGLE","physGeo"
"BROOK","BROOK","physGeo"
"MELON","WATERMELON","Plant"
"MELON","OTHER MELON","Plant"
"MILLET","SORGHUM","Plant"
"MILLET","OTHER MILLET","Plant"
"FLAX OR LINEN","FLAX","Plant"
"VINE","GRAPEVINE","Plant"
"VINE","OTHER VINE","Plant"
"SEEDLING","RICE SEEDLING","Plant"
"SEEDLING","OTHER SEEDLING","Plant"
"TREE OR WOOD","TREE","Plant"
"BARLEY","HIGHLAND BARLEY","Plant"
"BARLEY","OTHER BARLEY","Plant"
"PALM TREE","SAGO PALM","Plant"
"PALM TREE","GEBANG PALM","Plant"
"PALM TREE","OTHER PALM","Plant"
"BEAN OR PEA","OTHER BEAN","Plant"
"BEAN OR PEA","PEA","Plant"
"BEAN","OTHER BEAN","Plant"
"OTHER BEAN","OTHER BEAN","Plant"
"OTHER PALM","OTHER PALM","Plant"
"OTHER BARLEY","OTHER BARLEY","Plant"
"OTHER SEEDLING","OTHER SEEDLING","Plant"
"OTHER VINE","OTHER VINE","Plant"
"OTHER MILLET","OTHER MILLET","Plant"
"OTHER MELON","OTHER MELON","Plant"
"RYE","RYE","Plant"
"NETTLE","NETTLE","Plant"
"TAMARIND","TAMARIND","Plant"
"OAT","OAT","Plant"
"LARCH","LARCH","Plant"
"COCA","COCA","Plant"
"SUGAR CANE","SUGAR CANE","Plant"
"COCONUT TREE","COCONUT TREE","Plant"
"SWEET POTATO","SWEET POTATO","Plant"
"BETEL PEPPER VINE","BETEL PEPPER VINE","Plant"
"BANYAN","BANYAN","Plant"
"SORGHUM","SORGHUM","Plant"
"MANGROVE","MANGROVE","Plant"
"TARO","TARO","Plant"
"CHONTA PALM","CHONTA PALM","Plant"
"SHEA NUT TREE","SHEA NUT TREE","Plant"
"MAHOGANY TREE","MAHOGANY TREE","Plant"
"ALANG-ALANG GRASS","ALANG-ALANG GRASS","Plant"
"PANDANUS","PANDANUS","Plant"
"MAIZE","MAIZE","Plant"
"MANZANITA","MANZANITA","Plant"
"TULE","TULE","Plant"
"DOG-ROSE","DOG-ROSE","Plant"
"SPRUCE","SPRUCE","Plant"
"POTATO","POTATO","Plant"
"GRASS","GRASS","Plant"
"MOSS","MOSS","Plant"
"OAK","OAK","Plant"
"PLANT (VEGETATION)","PLANT (VEGETATION)","Plant"
"REED","REED","Plant"
"SHRUB","SHRUB","Plant"
"CABBAGE","CABBAGE","Plant"
"WILLOW","WILLOW","Plant"
"POPLAR","POPLAR","Plant"
"ASPEN","ASPEN","Plant"
"TREE","TREE","Plant"
"VEGETABLES","VEGETABLES","Plant"
"MANIOC","MANIOC","Plant"
"SPINACH","SPINACH","Plant"
"BAOBAB TREE","BAOBAB TREE","Plant"
"CHESTNUT TREE","CHESTNUT TREE","Plant"
"WHEAT","WHEAT","Plant"
"FRAXINUS","FRAXINUS","Plant"
"AUBERGINE","AUBERGINE","Plant"
"HAWTHORN","HAWTHORN","Plant"
"BUSH","BUSH","Plant"
"PINE","PINE","Plant"
"BANANA TREE","BANANA TREE","Plant"
"DANDELION","DANDELION","Plant"
"BIRCH","BIRCH","Plant"
"FIR","FIR","Plant"
"BAMBOO","BAMBOO","Plant"
"CORNFLOWER","CORNFLOWER","Plant"
"RIBES","RIBES","Plant"
"PEA","PEA","Plant"
"RICE PLANT","RICE PLANT","Plant"
"SOYA","SOYA","Plant"
"BUCKWHEAT","BUCKWHEAT","Plant"
"HEMP","HEMP","Plant"
"WALNUT","WALNUT","Plant"
"BEER BANANA","BEER BANANA","Plant"
"CHINESE PLUM","CHINESE PLUM","Plant"
"APRICOT TREE","APRICOT TREE","Plant"
"PEACH TREE","PEACH TREE","Plant"
"LOTUS","LOTUS","Plant"
"SWEET OLIVE","SWEET OLIVE","Plant"
"MUGWORT","MUGWORT","Plant"
"PEANUT","PEANUT","Plant"
"RADISH","RADISH","Plant"
"ONION","ONION","Plant"
"MANDARINE","MANDARINE","Plant"
"GARLIC","GARLIC","Plant"
"BETEL NUT","BETEL NUT","Plant"
"BREADFRUIT","BREADFRUIT","Plant"
"SAGO PALM","SAGO PALM","Plant"
"LIANA","LIANA","Plant"
"ACAI PALM","ACAI PALM","Plant"
"TUCUMA PALM","TUCUMA PALM","Plant"
"PINEAPPLE","PINEAPPLE","Plant"
"CASHEW","CASHEW","Plant"
"KAPOK TREE","KAPOK TREE","Plant"
"GINGER","GINGER","Plant"
"HERB","HERB","Plant"
"CACTUS","CACTUS","Plant"
"ASPARAGUS","ASPARAGUS","Plant"
"JACKFRUIT","JACKFRUIT","Plant"
"OSMANTHUS FRAGRANS","OSMANTHUS FRAGRANS","Plant"
"WATERMELON","WATERMELON","Plant"
"LITCHI","LITCHI","Plant"
"SESAME","SESAME","Plant"
"BLUEBERRY","BLUEBERRY","Plant"
"TURMERIC","TURMERIC","Plant"
"CAULIFLOWER","CAULIFLOWER","Plant"
"EUCALYPT","EUCALYPT","Plant"
"SUGAR PALM","SUGAR PALM","Plant"
"LONTAR PALM","LONTAR PALM","Plant"
"MORINGA TREE","MORINGA TREE","Plant"
"TURNIP","TURNIP","Plant"
"RAMIE","RAMIE","Plant"
"SWALLOW (BIRD)","SWALLOW (BIRD)","Plant"
"HIGHLAND BARLEY","HIGHLAND BARLEY","Plant"
"CARROT","CARROT","Plant"
"GEBANG PALM","GEBANG PALM","Plant"
"PLANTAGO","PLANTAGO","Plant"
"CORIANDER","CORIANDER","Plant"
"CYPRESS","CYPRESS","Plant"
"MAPLE TREE","MAPLE TREE","Plant"
"PRICKLY ASH","PRICKLY ASH","Plant"
"BITTER BUCKWHEAT","BITTER BUCKWHEAT","Plant"
"FINGER MILLET","FINGER MILLET","Plant"
"FOXTAIL MILLET","FOXTAIL MILLET","Plant"
"JOB'S TEARS","JOB'S TEARS","Plant"
"WEED","WEED","Plant"
"FLAX","FLAX","Plant"
"HOPS","HOPS","Plant"
"ELM","ELM","Plant"
"WILD RICE","WILD RICE","Plant"
"BROCCOLI","BROCCOLI","Plant"
"CELERY","CELERY","Plant"
"LETTUCE","LETTUCE","Plant"
"RICE SEEDLING","RICE SEEDLING","Plant"
"GRAPEVINE","GRAPEVINE","Plant"
"FERN","FERN","Plant"
"MIRITI PALM","MIRITI PALM","Plant"
"CALABASH","CALABASH","Plant"
"PEACH PALM","PEACH PALM","Plant"
"GENIPA","GENIPA","Plant"
"PIG","FEMALE PIG","Animal"
"PIG","MALE PIG","Animal"
"RODENT","MOUSE","Animal"
"RODENT","RAT","Animal"
"RODENT","OTHER RODENT","Animal"
"MUROID (MOUSE OR RAT)","MOUSE","Animal"
"MUROID (MOUSE OR RAT)","RAT","Animal"
"GUAN OR TURKEY","GUAN","Animal"
"GUAN OR TURKEY","TURKEY","Animal"
"ANIMAL OR MEAT","ANIMAL","Animal"
"BEAR","AMERICAN BLACK BEAR","Animal"
"BEAR","OTHER BEAR","Animal"
"LIZARD","BLUE TONGUED SKINK","Animal"
"LIZARD","OTHER LIZARD","Animal"
"CHICK","CHICKEN CHICK","Animal"
"CHICK","OTHER CHICK","Animal"
"LEECH","WATER LEECH","Animal"
"LEECH","OTHER LEECH","Animal"
"LOUSE OR NIT","LOUSE","Animal"
"CROW","RAVEN","Animal"
"CROW","OTHER CROW","Animal"
"CAT","MALE CAT","Animal"
"CAT","FEMALE CAT","Animal"
"CAPRINE (GOAT OR SHEEP)","FEMALE GOAT","Animal"
"CAPRINE (GOAT OR SHEEP)","MALE GOAT","Animal"
"CAPRINE (GOAT OR SHEEP)","SHEEP","Animal"
"GOAT","FEMALE GOAT","Animal"
"GOAT","MALE GOAT","Animal"
"FROG","OTHER FROG","Animal"
"DOLPHIN","PORPOISE","Animal"
"DOLPHIN","OTHER DOLPHIN","Animal"
"SNAKE","VIPER","Animal"
"SNAKE","OTHER SNAKE","Animal"
"WATER BUFFALO","CARABAO","Animal"
"WATER BUFFALO","OTHER WATER BUFFALO","Animal"
"YAK","MALE YAK","Animal"
"YAK","FEMALE YAK","Animal"
"DUCK","MALLARD","Animal"
"DUCK","OTHER DUCK","Animal"
"BIVALVIA (MUSSELS OR OYSTERS)","MUSSELS","Animal"
"BIVALVIA (MUSSELS OR OYSTERS)","OYSTERS","Animal"
"EAGLE OR HAWK","EAGLE","Animal"
"EAGLE OR HAWK","HAWK","Animal"
"LEPORID (RABBIT OR HARE)","RABBIT","Animal"
"LEPORID (RABBIT OR HARE)","HARE","Animal"
"LARGE WILD HERBIVORE","ROE DEER","Animal"
"LARGE WILD HERBIVORE","OTHER DEER","Animal"
"LARGE WILD HERBIVORE","KANGAROO","Animal"
"LARGE WILD HERBIVORE","OTHER LARGE WILD HERBIVORE","Animal"
"DEER","ROE DEER","Animal"
"DEER","OTHER DEER","Animal"
"CROCODILE","CAIMAN","Animal"
"CROCODILE","ALLIGATOR","Animal"
"CROCODILE","OTHER CROCODILE","Animal"
"FISH","STURGEON","Animal"
"FISH","OTHER FISH","Animal"
"INSECT","RICE EAR BUG","Animal"
"INSECT","BUG","Animal"
"INSECT","OTHER INSECT","Animal"
"APE OR MONKEY","SPIDER MONKEY","Animal"
"APE OR MONKEY","HOWLER MONKEY","Animal"
"APE OR MONKEY","CEBUS MONKEY","Animal"
"APE OR MONKEY","OTHER MONKEY","Animal"
"APE OR MONKEY","APE","Animal"
"MONKEY","SPIDER MONKEY","Animal"
"MONKEY","HOWLER MONKEY","Animal"
"MONKEY","CEBUS MONKEY","Animal"
"MONKEY","OTHER MONKEY","Animal"
"CRUSTACEANS (PRAWNS OR SHRIMP)","SHRIMP","Animal"
"CRUSTACEANS (PRAWNS OR SHRIMP)","PRAWNS","Animal"
"CRUSTACEANS (PRAWNS OR SHRIMP)","LOBSTER","Animal"
"CRUSTACEANS (PRAWNS OR SHRIMP)","CRAB","Animal"
"CRUSTACEANS (PRAWNS OR SHRIMP)","CRAYFISH","Animal"
"WOLF-LIKE ANIMAL","WOLF","Animal"
"WOLF-LIKE ANIMAL","MALE DOG","Animal"
"WOLF-LIKE ANIMAL","FEMALE DOG","Animal"
"WOLF-LIKE ANIMAL","DINGO","Animal"
"WOLF-LIKE ANIMAL","JACKAL","Animal"
"WOLF-LIKE ANIMAL","WILD DOG","Animal"
"WOLF-LIKE ANIMAL","OTHER WOLF-LIKE ANIMAL","Animal"
"DOG","MALE DOG","Animal"
"DOG","FEMALE DOG","Animal"
"OTHER WOLF-LIKE ANIMAL","OTHER WOLF-LIKE ANIMAL","Animal"
"OTHER MONKEY","OTHER MONKEY","Animal"
"APE","APE","Animal"
"OTHER INSECT","OTHER INSECT","Animal"
"OTHER FISH","OTHER FISH","Animal"
"OTHER CROCODILE","OTHER CROCODILE","Animal"
"OTHER DEER","OTHER DEER","Animal"
"OTHER LARGE WILD HERBIVORE","OTHER LARGE WILD HERBIVORE","Animal"
"OTHER DUCK","OTHER DUCK","Animal"
"OTHER WATER BUFFALO","OTHER WATER BUFFALO","Animal"
"OTHER SNAKE","OTHER SNAKE","Animal"
"OTHER DOLPHIN","OTHER DOLPHIN","Animal"
"OTHER FROG","OTHER FROG","Animal"
"FEMALE CAT","FEMALE CAT","Animal"
"OTHER CROW","OTHER CROW","Animal"
"OTHER LEECH","OTHER LEECH","Animal"
"OTHER CHICK","OTHER CHICK","Animal"
"OTHER LIZARD","OTHER LIZARD","Animal"
"OTHER BEAR","OTHER BEAR","Animal"
"OTHER RODENT","OTHER RODENT","Animal"
"GAZELLE","GAZELLE","Animal"
"OTTER","OTTER","Animal"
"PUPPY","PUPPY","Animal"
"SANDFLY","SANDFLY","Animal"
"TURTLE","TURTLE","Animal"
"PORPOISE","PORPOISE","Animal"
"KANGAROO","KANGAROO","Animal"
"WALLABY","WALLABY","Animal"
"ANTEATER","ANTEATER","Animal"
"FIREFLY","FIREFLY","Animal"
"FLEA","FLEA","Animal"
"FLYING FOX","FLYING FOX","Animal"
"PRAWNS","PRAWNS","Animal"
"HE-GOAT","HE-GOAT","Animal"
"FOWL","FOWL","Animal"
"HAWK","HAWK","Animal"
"TOUCAN","TOUCAN","Animal"
"OPOSSUM","OPOSSUM","Animal"
"HEAD LOUSE","HEAD LOUSE","Animal"
"BODY LOUSE","BODY LOUSE","Animal"
"TAPIR","TAPIR","Animal"
"AGOUTI","AGOUTI","Animal"
"CAPYBARA","CAPYBARA","Animal"
"CURASSOW","CURASSOW","Animal"
"PACA","PACA","Animal"
"PIRANHA","PIRANHA","Animal"
"HOWLER MONKEY","HOWLER MONKEY","Animal"
"SPIDER MONKEY","SPIDER MONKEY","Animal"
"COLLARED PECCARY","COLLARED PECCARY","Animal"
"WHITE-LIPPED PECCARY","WHITE-LIPPED PECCARY","Animal"
"GUAN","GUAN","Animal"
"CHIGGOE (JIGGER FLEA)","CHIGGOE (JIGGER FLEA)","Animal"
"CEBUS MONKEY","CEBUS MONKEY","Animal"
"GUINEA FOWL","GUINEA FOWL","Animal"
"CASSOWARY","CASSOWARY","Animal"
"CRAYFISH","CRAYFISH","Animal"
"POSSUM","POSSUM","Animal"
"PELICAN","PELICAN","Animal"
"WOLF","WOLF","Animal"
"BARBEL","BARBEL","Animal"
"ANT","ANT","Animal"
"GRASSHOPPER","GRASSHOPPER","Animal"
"HORSE","HORSE","Animal"
"ANIMAL","ANIMAL","Animal"
"SEAL","SEAL","Animal"
"BEE","BEE","Animal"
"OWL","OWL","Animal"
"HERON","HERON","Animal"
"TROUT","TROUT","Animal"
"LOCUST","LOCUST","Animal"
"LAMB","LAMB","Animal"
"RACCOON","RACCOON","Animal"
"CORMORANT","CORMORANT","Animal"
"SPIDER","SPIDER","Animal"
"TIGER","TIGER","Animal"
"RATTLESNAKE","RATTLESNAKE","Animal"
"PARROT","PARROT","Animal"
"TERMITE","TERMITE","Animal"
"PARAKEET","PARAKEET","Animal"
"MULE","MULE","Animal"
"TOAD","TOAD","Animal"
"TORTOISE","TORTOISE","Animal"
"ANACONDA (WATER BOA)","ANACONDA (WATER BOA)","Animal"
"COYOTE","COYOTE","Animal"
"BUFFALO","BUFFALO","Animal"
"STALLION","STALLION","Animal"
"BIRD","BIRD","Animal"
"MARE","MARE","Animal"
"SALMON","SALMON","Animal"
"WATER LEECH","WATER LEECH","Animal"
"SEAGULL","SEAGULL","Animal"
"WHALE","WHALE","Animal"
"WILD ANIMAL","WILD ANIMAL","Animal"
"COW","COW","Animal"
"BULL","BULL","Animal"
"FRESHWATER EEL","FRESHWATER EEL","Animal"
"BUG","BUG","Animal"
"SHARK","SHARK","Animal"
"RABBIT","RABBIT","Animal"
"LEOPARD","LEOPARD","Animal"
"CATTLE","CATTLE","Animal"
"OX","OX","Animal"
"VULTURE","VULTURE","Animal"
"GOOSE","GOOSE","Animal"
"HARE","HARE","Animal"
"BEAVER","BEAVER","Animal"
"BABOON","BABOON","Animal"
"WORM","WORM","Animal"
"JAGUAR","JAGUAR","Animal"
"ELEPHANT","ELEPHANT","Animal"
"FOX","FOX","Animal"
"CHICKEN","CHICKEN","Animal"
"SHEEP","SHEEP","Animal"
"RAM","RAM","Animal"
"EWE","EWE","Animal"
"BOAR (MALE PIG)","BOAR (MALE PIG)","Animal"
"SOW (FEMALE PIG)","SOW (FEMALE PIG)","Animal"
"LION","LION","Animal"
"LOUSE","LOUSE","Animal"
"RAT","RAT","Animal"
"MOUSE","MOUSE","Animal"
"FLY (INSECT)","FLY (INSECT)","Animal"
"MOSQUITO","MOSQUITO","Animal"
"ROOSTER","ROOSTER","Animal"
"HEN","HEN","Animal"
"WASP","WASP","Animal"
"TICK","TICK","Animal"
"SCORPION","SCORPION","Animal"
"SNAIL","SNAIL","Animal"
"CHAMELEON","CHAMELEON","Animal"
"PYTHON","PYTHON","Animal"
"COCKROACH","COCKROACH","Animal"
"IGUANA","IGUANA","Animal"
"ALLIGATOR","ALLIGATOR","Animal"
"HUMMINGBIRD","HUMMINGBIRD","Animal"
"SQUIRREL","SQUIRREL","Animal"
"MACAW","MACAW","Animal"
"FOAL","FOAL","Animal"
"OKRA","OKRA","Animal"
"ELK","ELK","Animal"
"BUTTERFLY","BUTTERFLY","Animal"
"BAT","BAT","Animal"
"HEDGEHOG","HEDGEHOG","Animal"
"HYENA","HYENA","Animal"
"CRANE","CRANE","Animal"
"DOVE","DOVE","Animal"
"SPARROW","SPARROW","Animal"
"DONKEY","DONKEY","Animal"
"BUZZARD","BUZZARD","Animal"
"CAMEL","CAMEL","Animal"
"DUIKER","DUIKER","Animal"
"REINDEER","REINDEER","Animal"
"ARMADILLO","ARMADILLO","Animal"
"PUMA","PUMA","Animal"
"QUAIL","QUAIL","Animal"
"EAGLE","EAGLE","Animal"
"MOLE","MOLE","Animal"
"STINGRAY","STINGRAY","Animal"
"BEECH","BEECH","Animal"
"KID","KID","Animal"
"CENTIPEDE","CENTIPEDE","Animal"
"CALF","CALF","Animal"
"MAGPIE","MAGPIE","Animal"
"CORAL SNAKE","CORAL SNAKE","Animal"
"WILD CAT","WILD CAT","Animal"
"BEETLE","BEETLE","Animal"
"CATERPILLAR","CATERPILLAR","Animal"
"CRESTED MYNA","CRESTED MYNA","Animal"
"YELLOW CROAKER","YELLOW CROAKER","Animal"
"CRAB","CRAB","Animal"
"SHRIMP","SHRIMP","Animal"
"EARTHWORM","EARTHWORM","Animal"
"SILKWORM","SILKWORM","Animal"
"DRAGONFLY","DRAGONFLY","Animal"
"CICADA","CICADA","Animal"
"CRICKET","CRICKET","Animal"
"GECKO","GECKO","Animal"
"TURKEY","TURKEY","Animal"
"COATI (COATIMUNDI)","COATI (COATIMUNDI)","Animal"
"PECCARY","PECCARY","Animal"
"LOBSTER","LOBSTER","Animal"
"ROBIN","ROBIN","Animal"
"CAIMAN","CAIMAN","Animal"
"ELECTRIC EEL","ELECTRIC EEL","Animal"
"KINGFISHER","KINGFISHER","Animal"
"SLOTH","SLOTH","Animal"
"WOODPECKER","WOODPECKER","Animal"
"WILD DOG","WILD DOG","Animal"
"DINGO","DINGO","Animal"
"MALE GOAT","MALE GOAT","Animal"
"FEMALE GOAT","FEMALE GOAT","Animal"
"MALE YAK","MALE YAK","Animal"
"FEMALE YAK","FEMALE YAK","Animal"
"MALE DOG","MALE DOG","Animal"
"FEMALE DOG","FEMALE DOG","Animal"
"MALE PIG","MALE PIG","Animal"
"FEMALE PIG","FEMALE PIG","Animal"
"PANGOLIN","PANGOLIN","Animal"
"PORCUPINE","PORCUPINE","Animal"
"GIBBON","GIBBON","Animal"
"CHICKEN CHICK","CHICKEN CHICK","Animal"
"CARABAO","CARABAO","Animal"
"RAVEN","RAVEN","Animal"
"PIGLET","PIGLET","Animal"
"CASTRATED BOAR","CASTRATED BOAR","Animal"
"GELDING","GELDING","Animal"
"CAPON","CAPON","Animal"
"OCTOPUS","OCTOPUS","Animal"
"SEAHORSE","SEAHORSE","Animal"
"RHINOCEROS","RHINOCEROS","Animal"
"LARVA","LARVA","Animal"
"VIPER","VIPER","Animal"
"BIRD OF PARADISE","BIRD OF PARADISE","Animal"
"CARP (FISH)","CARP (FISH)","Animal"
"WILD GOOSE","WILD GOOSE","Animal"
"CRUCIAN CARP","CRUCIAN CARP","Animal"
"SAGO GRUB","SAGO GRUB","Animal"
"CRAYFISH (FRESHWATER)","CRAYFISH (FRESHWATER)","Animal"
"CUTTLEFISH","CUTTLEFISH","Animal"
"EMU","EMU","Animal"
"KANGAROO RAT","KANGAROO RAT","Animal"
"MOTH","MOTH","Animal"
"MUSSELS","MUSSELS","Animal"
"OYSTERS","OYSTERS","Animal"
"PENGUIN","PENGUIN","Animal"
"SWAN","SWAN","Animal"
"WOMBAT","WOMBAT","Animal"
"CUCKOO","CUCKOO","Animal"
"PERCH (FISH)","PERCH (FISH)","Animal"
"PIKE (FISH)","PIKE (FISH)","Animal"
"ECHIDNA","ECHIDNA","Animal"
"WHITE COCKATOO","WHITE COCKATOO","Animal"
"WAGTAIL","WAGTAIL","Animal"
"GRUB","GRUB","Animal"
"BANDICOOT","BANDICOOT","Animal"
"BLACK COCKATOO","BLACK COCKATOO","Animal"
"BLACK DUCK","BLACK DUCK","Animal"
"MONITOR LIZARD","MONITOR LIZARD","Animal"
"NATIVE CAT","NATIVE CAT","Animal"
"BLUE TONGUED SKINK","BLUE TONGUED SKINK","Animal"
"STARFISH","STARFISH","Animal"
"BOVINE","BOVINE","Animal"
"PHEASANT","PHEASANT","Animal"
"GIRAFFE","GIRAFFE","Animal"
"LADYBUG","LADYBUG","Animal"
"BISON","BISON","Animal"
"POLAR BEAR","POLAR BEAR","Animal"
"GORILLA","GORILLA","Animal"
"HIPPOPOTAMUS","HIPPOPOTAMUS","Animal"
"CHEETAH","CHEETAH","Animal"
"HAMSTER","HAMSTER","Animal"
"MEERKAT","MEERKAT","Animal"
"MUNTJACS","MUNTJACS","Animal"
"WILD BOAR","WILD BOAR","Animal"
"CIVET","CIVET","Animal"
"RICE EAR BUG","RICE EAR BUG","Animal"
"YOUNG ANIMAL","YOUNG ANIMAL","Animal"
"FALCON","FALCON","Animal"
"GORAL","GORAL","Animal"
"HORNBILL","HORNBILL","Animal"
"HORNET","HORNET","Animal"
"HORSEFLY","HORSEFLY","Animal"
"SEROW","SEROW","Animal"
"FLYING SQUIRREL","FLYING SQUIRREL","Animal"
"TAKIN","TAKIN","Animal"
"MANTIS","MANTIS","Animal"
"JACKAL","JACKAL","Animal"
"LYNX","LYNX","Animal"
"YEARLING (HORSE)","YEARLING (HORSE)","Animal"
"HUNTING DOG","HUNTING DOG","Animal"
"PEACOCK","PEACOCK","Animal"
"WEASEL","WEASEL","Animal"
"ROUNDWORM","ROUNDWORM","Animal"
"STURGEON","STURGEON","Animal"
"MALLARD","MALLARD","Animal"
"AMERICAN BLACK BEAR","AMERICAN BLACK BEAR","Animal"
"INTESTINAL WORM","INTESTINAL WORM","Animal"
"ANTELOPE","ANTELOPE","Animal"
"ZEBRA","ZEBRA","Animal"
"SHREW","SHREW","Animal"
"MONGOOSE","MONGOOSE","Animal"
"PARTRIDGE","PARTRIDGE","Animal"
"BADGER","BADGER","Animal"
"GUINEA PIG","GUINEA PIG","Animal"
"MARMOT","MARMOT","Animal"
"BUDGERIGAR","BUDGERIGAR","Animal"
"FINCH","FINCH","Animal"
"FLAMINGO","FLAMINGO","Animal"
"NIGHTINGALE","NIGHTINGALE","Animal"
"STORK","STORK","Animal"
"CHIMPANZEE","CHIMPANZEE","Animal"
"GRIZZLY BEAR","GRIZZLY BEAR","Animal"
"MARTEN","MARTEN","Animal"
"CATFISH","CATFISH","Animal"
"PET","PET","Animal"
"ALBATROSS","ALBATROSS","Animal"
"OSTRICH","OSTRICH","Animal"
"HINNY","HINNY","Animal"
"MALE CAT","MALE CAT","Animal"
"ROE DEER","ROE DEER","Animal"
"TARANTULA","TARANTULA","Animal"
"SKUNK","SKUNK","Animal"
"TINAMOU","TINAMOU","Animal"
"PACU","PACU","Animal"
"ENVY","JEALOUSY","Emotion"
"ANGER","ANGER","Emotion"
"NEED (NOUN)","NEED (NOUN)","Emotion"
"FEAR (FRIGHT)","FEAR (FRIGHT)","Emotion"
"ANXIETY","ANXIETY","Emotion"
"FATIGUE","FATIGUE","Emotion"
"PITY","PITY","Emotion"
"GRIEF","GRIEF","Emotion"
"SHAME","SHAME","Emotion"
"JEALOUSY","JEALOUSY","Emotion"
"JOY","JOY","Emotion"
"BLESSED","BLESSED","Emotion"
"FEELING (EMOTION)","FEELING (EMOTION)","Emotion"
"HAPPINESS","HAPPINESS","Emotion"
"LONGING (WISH)","LONGING (WISH)","Emotion"
"COURAGE","COURAGE","Emotion"
"HOPE (FAITH)","HOPE (FAITH)","Emotion"
"MOURNING","MOURNING","Emotion"
"HATE (LOATHING)","HATE (LOATHING)","Emotion"
"LOVE (AFFECTION)","LOVE (AFFECTION)","Emotion"
"CONTEMPT","CONTEMPT","Emotion"
"DISAPPOINTMENT","DISAPPOINTMENT","Emotion"
"EXCITEMENT","EXCITEMENT","Emotion"
"INTEREST (FEELING)","INTEREST (FEELING)","Emotion"
"SURPRISE (FEELING)","SURPRISE (FEELING)","Emotion"
"TRIUMPH","TRIUMPH","Emotion"
"AMUSEMENT","AMUSEMENT","Emotion"
"AWE","AWE","Emotion"
"CONCENTRATION","CONCENTRATION","Emotion"
"CONFUSION","CONFUSION","Emotion"
"SADNESS","SADNESS","Emotion"
"DEPRESSION","DEPRESSION","Emotion"
"PRIDE","PRIDE","Emotion"
"PLEASURE","PLEASURE","Emotion"
"BREAST OR MILK","BREAST","Body"
"SIDE","SIDE (BODY)","Body"
"BARK OR SKIN","SKIN (HUMAN)","Body"
"SKIN","SKIN (HUMAN)","Body"
"TOOTH","MOLAR TOOTH","Body"
"TOOTH","FRONT TOOTH (INCISOR)","Body"
"TOOTH","OTHER TOOTH","Body"
"FOOT OR WALK","FOOT","Body"
"FOOT OR WALK","LEG","Body"
"FOOT OR LEG","FOOT","Body"
"FOOT OR LEG","LEG","Body"
"CLAW OR NAIL","FINGERNAIL","Body"
"CLAW OR NAIL","TOENAIL","Body"
"FINGERNAIL OR TOENAIL","FINGERNAIL","Body"
"FINGERNAIL OR TOENAIL","TOENAIL","Body"
"FINGER OR TOE","LITTLE FINGER","Body"
"FINGER OR TOE","FOREFINGER","Body"
"FINGER OR TOE","MIDDLE FINGER","Body"
"FINGER OR TOE","THUMB","Body"
"FINGER OR TOE","OTHER FINGER","Body"
"FINGER OR TOE","TOE","Body"
"FINGER","LITTLE FINGER","Body"
"FINGER","FOREFINGER","Body"
"FINGER","MIDDLE FINGER","Body"
"FINGER","THUMB","Body"
"FINGER","OTHER FINGER","Body"
"ARM OR HAND","ARM","Body"
"ARM OR HAND","LEFT HAND","Body"
"ARM OR HAND","RIGHT HAND","Body"
"HAND","LEFT HAND","Body"
"HAND","RIGHT HAND","Body"
"BELLY OR STOMACH","BELLY","Body"
"BELLY OR STOMACH","STOMACH","Body"
"BLOOD VESSEL","VEIN","Body"
"BLOOD VESSEL","ARTERY","Body"
"BLOOD VESSEL","OTHER BLOOD VESSEL","Body"
"GUTS OR HEART","INTESTINES","Body"
"GUTS OR HEART","OTHER GUTS","Body"
"GUTS OR HEART","HEART","Body"
"GUTS","INTESTINES","Body"
"GUTS","OTHER GUTS","Body"
"GENITALIA","VULVA","Body"
"GENITALIA","SCROTUM","Body"
"GENITALIA","PENIS","Body"
"GENITALIA","OTHER GENITALIA","Body"
"HAIR OR FOREHEAD","HAIR (HEAD)","Body"
"HAIR OR FOREHEAD","PUBIC HAIR","Body"
"HAIR OR FOREHEAD","OTHER HAIR (BODY)","Body"
"HAIR OR FOREHEAD","FOREHEAD","Body"
"FEATHER OR FUR OR HAIR","HAIR (HEAD)","Body"
"FEATHER OR FUR OR HAIR","PUBIC HAIR","Body"
"FEATHER OR FUR OR HAIR","OTHER HAIR (BODY)","Body"
"HAIR OR FUR","HAIR (HEAD)","Body"
"HAIR OR FUR","PUBIC HAIR","Body"
"HAIR OR FUR","OTHER HAIR (BODY)","Body"
"HAIR","HAIR (HEAD)","Body"
"HAIR","PUBIC HAIR","Body"
"HAIR","OTHER HAIR (BODY)","Body"
"HAIR (BODY)","PUBIC HAIR","Body"
"HAIR (BODY)","OTHER HAIR (BODY)","Body"
"EAR OR HEAR","EAR","Body"
"OTHER HAIR (BODY)","OTHER HAIR (BODY)","Body"
"OTHER GENITALIA","OTHER GENITALIA","Body"
"OTHER GUTS","OTHER GUTS","Body"
"OTHER BLOOD VESSEL","OTHER BLOOD VESSEL","Body"
"OTHER FINGER","OTHER FINGER","Body"
"EYELID","EYELID","Body"
"EARLOBE","EARLOBE","Body"
"PUBIC HAIR","PUBIC HAIR","Body"
"TATTOO","TATTOO","Body"
"FOREHEAD","FOREHEAD","Body"
"GUMS","GUMS","Body"
"SHOULDERBLADE","SHOULDERBLADE","Body"
"SHIN","SHIN","Body"
"LOIN","LOIN","Body"
"UPPER ARM","UPPER ARM","Body"
"FRONT TOOTH (INCISOR)","FRONT TOOTH (INCISOR)","Body"
"TIP (OF TONGUE)","TIP (OF TONGUE)","Body"
"LONG HAIR","LONG HAIR","Body"
"UPPER BACK","UPPER BACK","Body"
"LOWER ARM","LOWER ARM","Body"
"LOWER LEG","LOWER LEG","Body"
"UPPER LEG (THIGH)","UPPER LEG (THIGH)","Body"
"LIP","LIP","Body"
"KIDNEY","KIDNEY","Body"
"SCAR","SCAR","Body"
"CALF OF LEG","CALF OF LEG","Body"
"BACK OF HEAD","BACK OF HEAD","Body"
"FRECKLE","FRECKLE","Body"
"HUMP","HUMP","Body"
"PALATE","PALATE","Body"
"FOREFINGER","FOREFINGER","Body"
"MOUTH","MOUTH","Body"
"BEARD","BEARD","Body"
"LUNG","LUNG","Body"
"TRUNK OF TREE","TRUNK OF TREE","Body"
"BOIL (OF SKIN)","BOIL (OF SKIN)","Body"
"NIPPLE","NIPPLE","Body"
"TESTICLES","TESTICLES","Body"
"JAW","JAW","Body"
"WRIST","WRIST","Body"
"THIGH","THIGH","Body"
"RIB","RIB","Body"
"ADAM'S APPLE","ADAM'S APPLE","Body"
"ANKLE","ANKLE","Body"
"WOMB","WOMB","Body"
"SPINE","SPINE","Body"
"STOMACH","STOMACH","Body"
"BUTTOCKS","BUTTOCKS","Body"
"HEEL","HEEL","Body"
"ELBOW","ELBOW","Body"
"JOINT","JOINT","Body"
"MUSCLE","MUSCLE","Body"
"BRAID","BRAID","Body"
"MOLAR TOOTH","MOLAR TOOTH","Body"
"WOUND","WOUND","Body"
"TENDON","TENDON","Body"
"BRUISE","BRUISE","Body"
"MOUSTACHE","MOUSTACHE","Body"
"EYEBROW","EYEBROW","Body"
"NOSTRIL","NOSTRIL","Body"
"PALM OF HAND","PALM OF HAND","Body"
"ULCER","ULCER","Body"
"TONGUE","TONGUE","Body"
"NOSE","NOSE","Body"
"PENIS","PENIS","Body"
"HEART","HEART","Body"
"LIVER","LIVER","Body"
"EAR","EAR","Body"
"EYE","EYE","Body"
"BELLY","BELLY","Body"
"HEAD","HEAD","Body"
"FINGERNAIL","FINGERNAIL","Body"
"BACK","BACK","Body"
"LEG","LEG","Body"
"FOOT","FOOT","Body"
"NECK","NECK","Body"
"THROAT","THROAT","Body"
"NAPE (OF NECK)","NAPE (OF NECK)","Body"
"KNEE","KNEE","Body"
"OTHER TOOTH","OTHER TOOTH","Body"
"TOE","TOE","Body"
"BONE","BONE","Body"
"BREAST","BREAST","Body"
"SHOULDER","SHOULDER","Body"
"CHIN","CHIN","Body"
"EYELASH","EYELASH","Body"
"FACE","FACE","Body"
"BRAIN","BRAIN","Body"
"BLISTER","BLISTER","Body"
"CHEST","CHEST","Body"
"SKULL","SKULL","Body"
"ARM","ARM","Body"
"WAIST","WAIST","Body"
"CHEEK","CHEEK","Body"
"SPLEEN","SPLEEN","Body"
"HIP","HIP","Body"
"BLADDER","BLADDER","Body"
"BIRTHMARK","BIRTHMARK","Body"
"THUMB","THUMB","Body"
"PIMPLE","PIMPLE","Body"
"VAGINA","VAGINA","Body"
"VULVA","VULVA","Body"
"NAVEL","NAVEL","Body"
"ARMPIT","ARMPIT","Body"
"VEIN","VEIN","Body"
"ARTERY","ARTERY","Body"
"ANUS","ANUS","Body"
"GOITER","GOITER","Body"
"INTESTINES","INTESTINES","Body"
"COLLARBONE","COLLARBONE","Body"
"LEFT HAND","LEFT HAND","Body"
"RIGHT HAND","RIGHT HAND","Body"
"BODY PART","BODY PART","Body"
"UVULA","UVULA","Body"
"WRINKLE","WRINKLE","Body"
"SKIN (HUMAN)","SKIN (HUMAN)","Body"
"HAIR (HEAD)","HAIR (HEAD)","Body"
"TOENAIL","TOENAIL","Body"
"UMBILICAL CORD","UMBILICAL CORD","Body"
"SCAB","SCAB","Body"
"WART","WART","Body"
"SOLE (FOOT)","SOLE (FOOT)","Body"
"TORSO","TORSO","Body"
"SKELETON","SKELETON","Body"
"ORAL CAVITY","ORAL CAVITY","Body"
"FINGERTIP","FINGERTIP","Body"
"LITTLE FINGER","LITTLE FINGER","Body"
"BREASTBONE","BREASTBONE","Body"
"HIP BONE","HIP BONE","Body"
"KNUCKLE","KNUCKLE","Body"
"SCROTUM","SCROTUM","Body"
"PANCREAS","PANCREAS","Body"
"CLITORIS","CLITORIS","Body"
"LAP","LAP","Body"
"SIDE (BODY)","SIDE (BODY)","Body"
"MIDDLE FINGER","MIDDLE FINGER","Body"
"PLACENTA","PLACENTA","Body"
"LOWER BACK","LOWER BACK","Body"
"BURN (INJURY)","BURN (INJURY)","Body"
"PHARYNX","PHARYNX","Body"
"LARYNX","LARYNX","Body"
"BELLYBUTTON","BELLYBUTTON","Body"
"OVARY","OVARY","Body"
"INSTEP","INSTEP","Body"
"EYEBALL","EYEBALL","Body"
"EARHOLE","EARHOLE","Body"
